{"cameraMode":{"drawMode":0,"name":"Shaded","section":"Shading Mode"},"sceneLighting":false,"audioPlay":false,"sceneViewState":{"m_AlwaysRefresh":false,"showFog":true,"showSkybox":false,"showFlares":true,"showImageEffects":true,"showParticleSystems":true,"showVisualEffectGraphs":true,"m_FxEnabled":true},"in2DMode":false,"pivot":{"x":0.0015232115983963013,"y":-0.07114338874816895,"z":0.0003380328416824341},"rotation":{"x":-0.04290561005473137,"y":0.6058119535446167,"z":0.03274572268128395,"w":0.7937750220298767},"size":0.8280195593833923,"orthographic":false}