{"cameraMode":{"drawMode":0,"name":"Shaded","section":"Shading Mode"},"sceneLighting":false,"audioPlay":false,"sceneViewState":{"m_AlwaysRefresh":false,"showFog":true,"showSkybox":false,"showFlares":true,"showImageEffects":true,"showParticleSystems":true,"showVisualEffectGraphs":true,"m_FxEnabled":true},"in2DMode":false,"pivot":{"x":0.07053661346435547,"y":23.673738479614259,"z":4.967277526855469},"rotation":{"x":0.018873564898967744,"y":-0.6721459031105042,"z":0.017143456265330316,"w":0.73997962474823},"size":39.67355728149414,"orthographic":false}