{"cameraMode":{"drawMode":0,"name":"Shaded","section":"Shading Mode"},"sceneLighting":false,"audioPlay":false,"sceneViewState":{"m_AlwaysRefresh":false,"showFog":true,"showSkybox":false,"showFlares":true,"showImageEffects":true,"showParticleSystems":true,"showVisualEffectGraphs":true,"m_FxEnabled":true},"in2DMode":false,"pivot":{"x":-0.005787080153822899,"y":0.013766972348093987,"z":-0.0034390236251056196},"rotation":{"x":0.03524889051914215,"y":-0.7009242177009583,"z":0.0347241573035717,"w":0.7115175724029541},"size":0.013028496876358986,"orthographic":false}