{"cameraMode":{"drawMode":0,"name":"Shaded","section":"Shading Mode"},"sceneLighting":false,"audioPlay":false,"sceneViewState":{"m_AlwaysRefresh":false,"showFog":true,"showSkybox":false,"showFlares":true,"showImageEffects":true,"showParticleSystems":true,"showVisualEffectGraphs":true,"m_FxEnabled":true},"in2DMode":false,"pivot":{"x":-0.10768675804138184,"y":-2.5777969360351564,"z":0.01726388931274414},"rotation":{"x":0.38895753026008608,"y":-0.04005521908402443,"z":0.01693052053451538,"w":0.9202315807342529},"size":7.151773929595947,"orthographic":false}