{"cameraMode":{"drawMode":0,"name":"Shaded","section":"Shading Mode"},"sceneLighting":false,"audioPlay":false,"sceneViewState":{"m_AlwaysRefresh":false,"showFog":true,"showSkybox":false,"showFlares":true,"showImageEffects":true,"showParticleSystems":true,"showVisualEffectGraphs":true,"m_FxEnabled":true},"in2DMode":false,"pivot":{"x":0.03906059265136719,"y":-7.162652969360352,"z":-0.23433955013751985},"rotation":{"x":-0.019003447145223619,"y":-0.7100228667259216,"z":-0.01917528733611107,"w":0.7036610841751099},"size":8.220937728881836,"orthographic":false}